"Status","Start Time","Stop Time","Duration in ms","Parent Suite","Suite","Sub Suite","Test Class","Test Method","Name","Description"
"passed","Tue Aug 16 11:32:33 CST 2022","Tue Aug 16 11:32:33 CST 2022","0","test.cases.add","test_add","TestAdd","","","test_add1[1--99.01-参数大小超出范围]",""
"skipped","Tue Aug 16 11:32:33 CST 2022","Tue Aug 16 11:32:33 CST 2022","0","test.cases.add","test_add","TestAdd","","","test_skip",""
"passed","Tue Aug 16 11:32:33 CST 2022","Tue Aug 16 11:32:33 CST 2022","0","test.cases.add","test_add","TestAdd","","","test_add1[-0.01-0.02-0.01]",""
"passed","Tue Aug 16 11:32:33 CST 2022","Tue Aug 16 11:32:33 CST 2022","0","test.cases.add","test_add","TestAdd","","","test_add1[99-98.99-197.99]",""
"passed","Tue Aug 16 11:32:33 CST 2022","Tue Aug 16 11:32:33 CST 2022","0","test.cases.add","test_add","TestAdd","","","test_add1[-99--98.99--197.99]",""
"broken","Tue Aug 16 11:32:33 CST 2022","Tue Aug 16 11:32:33 CST 2022","0","test.cases.add","test_add","TestAdd","","","test_broken",""
"passed","Tue Aug 16 11:32:33 CST 2022","Tue Aug 16 11:32:33 CST 2022","0","test.cases.add","test_add","TestAdd","","","test_add1[-98.99--99--197.99]",""
"passed","Tue Aug 16 11:32:33 CST 2022","Tue Aug 16 11:32:33 CST 2022","1","test.cases.add","test_add","TestAdd","","","test_add1[-99.01--1-参数大小超出范围]",""
"passed","Tue Aug 16 11:32:33 CST 2022","Tue Aug 16 11:32:33 CST 2022","1","test.cases.add","test_add","TestAdd","","","test_add1[99.01-0-参数大小超出范围]",""
"broken","Tue Aug 16 11:32:33 CST 2022","Tue Aug 16 11:32:33 CST 2022","0","test.cases.add","test_add","TestAdd","","","test_add1[文-9.3-参数大小超出范围]",""
"passed","Tue Aug 16 11:32:33 CST 2022","Tue Aug 16 11:32:33 CST 2022","1","test.cases.add","test_add","TestAdd","","","test_add1[2-99.01-参数大小超出范围]",""
"passed","Tue Aug 16 11:32:33 CST 2022","Tue Aug 16 11:32:33 CST 2022","0","test.cases.add","test_add","TestAdd","","","test_add1[1-1-2]",""
"broken","Tue Aug 16 11:32:33 CST 2022","Tue Aug 16 11:32:33 CST 2022","0","test.cases.add","test_add","TestAdd","","","test_add1[None-9.3-参数大小超出范围]",""
"failed","Tue Aug 16 11:32:33 CST 2022","Tue Aug 16 11:32:33 CST 2022","0","test.cases.add","test_add","TestAdd","","","test_failure",""
"passed","Tue Aug 16 11:32:33 CST 2022","Tue Aug 16 11:32:33 CST 2022","0","test.cases.add","test_add","TestAdd","","","test_add1[98.99-99-197.99]",""
"passed","Tue Aug 16 11:32:33 CST 2022","Tue Aug 16 11:32:33 CST 2022","0","test.cases.add","test_add","TestAdd","","","test_add1[10-0.02-10.02]",""
